abonere->abonnere
addresse->adresse
adminstration->administration
albums->albummer
anderkendt->anerkendt
anerledes->anderledes
apperat->apparat
apperater->apparater
apperatet->apparatet
artikelen->artiklen
artikeler->artikler
bekræftige->bekræfte
betegning->betegnelse
biblotek->bibliotek
bonusen->bonussen
bonusens->bonussens
bonuser->bonusser
bonuserne->bonusserne
bonusernes->bonussernes
bonusers->bonussers
box->boks
bronce->bronze
budet->buddet
budets->buddets
bødel->bøddel
cencur->censur
checke->tjekke
diskution->diskussion
dongeon->dungeon
elekttronisk->elektronisk
experiment->eksperiment
experimentere->eksperimentere
experimenterede->eksperimenterede
experimenterer->eksperimenterer
extrem->ekstrem
extreme->ekstreme
extremt->ekstremt
forbudet->forbuddet
foregrener->forgrener
foreksempel->for eksempel
forgodtbefindene->forgodtbefindende
forlængst->for længst
fornæmme->fornemme
fornæmmer->fornemmer
forpubbe->forpuppe
Frederikstaden->Frederiksstaden
fredslutning->fredsslutning
fredslutningen->fredsslutningen
fredsløs->fredløs
fredsløse->fredløse
fremfor->frem for
friluftsmuseer->frilandsmuseer
friluftsmuseet->frilandsmuseet
friluftsmuseum->frilandsmuseum
frådse->fråse
fugleredder->fuglereder
förmyndarregering->formynderregering
garnision->garnison
Garone->Garonne
generalogi->genealogi
genoptrykke->optrykke
genoptrykt->optrykt
genoptrykte->optrykte
geschæft->gesjæft
gletcher->gletsjer
gletscher->gletsjer
Glücksburgske->Glücksborgske
gjordt->gjort
gramatik->grammatik
Greenwitch->Greenwich
grønsværet->grønsværen
Guiness->Guinness
Guiseppe->Giuseppe
gulsmed->guldsmed
gulsmede->guldsmede
gulsmeden->guldsmeden
gurilla->gorilla, guerilla
gurillaen->gorillaen, guerillaen
harcellere->harcelere
hensynløs->hensynsløs
henved->hen ved
herotisk->heroisk, erotisk
hertig->hertug
hieraki->hierarki
histografi->historiografi
hjortvildt->hjortevildt
hovede->hoved
hovedsaglig->hovedsagelig
hududslet->hududslæt, udslæt
iaften->i aften
ialt->i alt
idag->i dag
igang->i gang
igår->i går
Illiaden->Iliaden
illyriansk->illyrisk
illyrianske->illyriske
imorgen->i morgen
indcheckning->indtjekning
indeholdte->indeholdt
interesant->interessant
intererseret->interesseret
interessentselskab->interessentskab
interplanetar->interplanetarisk
interplanetart->interplanetarisk
istand->i stand
istedet for->i stedet for
iøvrigt->i øvrigt
iår->i år
jagterminilogi->jagtterminologi
jagterminoligi->jagtterminologi
jagterminologi->jagtterminologi
jagtterminilogi->jagtterminologi
jagtterminoligi->jagtterminologi
jobs->job
Johanitterordenen->Johanniterordenen
jorskælv->jordskælv
kalendre->kalendere
Kanada->Canada
kanadisk->canadisk
kanadiske->canadiske
kastanie->kastanje
kemikalium->kemikalie
kenetegnet->kendetegnet
kilo->kg, kilogram
kirug->kirurg
kiruger->kirurger
kirugi->kirurgi
kirugien->kirurgien
kirugisk->kirurgisk
kirugiske->kirurgiske
klokkeslet->klokkeslæt
kokelev->kokkeelev
koleratur->koloratur
kollonade->kolonnade
kollosal->kolossal
kollosale->kolossale
kollosalt->kolossalt
kommite->komité
komnikasjonssatlit->kommunikationssatellit
kompetance->kompetence
konspitorisk->konspiratorisk
Konstatinopel->Konstantinopel
konstantere->konstatere
konstanterede->konstaterede
konstanterer->konstaterer
konstantering->konstatering
kontoer->konti
korint->korinth
korinterbrev->korintherbrev
kromosomantal->kromosomtal
kromosomantallet->kromosomtallet
kvadratkilometre->kvadratkilometer
købmandsskab->købmandskab
labratorie->laboratorium
landsgreve->landgreve
landsgreven->landgreven
lation->latin
laubærblade->laurbærblade
leguster->liguster
ligså->lige så
linial->lineal
linie->linje
linien->linjen
linier->linjer
liniere->linjere
liniering->linjering
linierne->linjerne
liniær->lineær
liniære->lineære
liniært->lineært
linkse->linke
linkser->links
livsline->livline
loden->lodden
lodent->loddent
luftstyrke->luftvåben, flyvevåben
lydeløs->lydefri, lydløs
læreranstalt->læreanstalt
læreranstalten->læreanstalten
læreranstalter->læreanstalter
lærne->lærerne, læren
mandhjerte->mandshjerte
manierede->maniererede
manieret->maniereret
matematikerer->matematikere
medlemsskab->medlemskab
Melanchton->Melanchthon
menstrutation->menstruation
messehaglet->messehagelen
meteologi->meteorologi
molekylarvægt->molekylvægt 
molekylarvægten->molekylvægten
Mosegårdskov->Moesgård Skov
Muhammad->Muhammed
muhammedansk->muslimsk
muhammedanske->muslimske
museumet->museet
museumets->museets
mythologi->mytologi
mådeholdenhed->mådehold
navnligt->navnlig
nedstirre->nidstirre
Neksø->Nexø
nemligt->nemlig
nobelprismodtager->nobelpristager
noglesinde->nogensinde
novelist->romanforfatter
onitologer->ornitologer
ombord->om bord
Orknøerne->Orkneyøerne
overbevidst->overbevist
overbevidste->overbeviste
overvinte->overvintre
Padua->Padova
paradigma->paradigme
paradigmaer->paradigmer
paradigmaet->paradigmet
parafin->paraffin
parantes->parentes
paranteser->parenteser
parantetisk->parentetisk
pengvinen->pingvinen
Pensylvania->Pennsylvania
periferisk->perifer, perifert
periferiske->perifere
Philippinerne->Filippinerne
planktonnet->planktonet
points->point
Poland->Polen
Pommeren->Pommern
postbudet->postbuddet
postbudde->postbude
postbuddene->postbudene
prefiks->præfiks
prefikser->præfikser
prefikset->præfikset
prefix->præfiks
prefixer->præfikser
prefixet->præfikset
premiereminister->premierminister
premiereministre->premierministre
priviligeret->privilegeret
problemmer->problemer
proffessor->professor
progrom->pogrom, program
progromer->pogromer
prositueret->prostitueret
protokolen->protokollen
protokoler->protokoller
psykiatriker->psykiater
pytagoras->pythagoras
publikumet->publikummet
påbudet->påbuddet
påbudene->påbuddene
rarietet->raritet
rarieteter->rariteter
rarieteterne->rariteterne
redigér->rediger
reflektion->refleksion
religionsudøvelse->religionsøvelse
risikøer->risici
Roguefort->Roquefort
russik->russisk
rutsche->rutsje
ryggrad->rygrad
ræsonere->ræsonnere
Sachen->Sachsen
sanskrift->sanskrit
satelit->satellit
satelitter->satellitter
sattelit->satellit
schuft->sjuft
Schweitz->Schweiz, Svejts
Scotland->Skotland
sendebudene->sendebuddene
sendebudenes->sendebuddenes
sendebudet->sendebuddet
sendebudets->sendebuddets
seperabel->separabel
serumsinstitut->seruminstitut
shampo->shampoo
silicone->silikone
Skagerak->Skagerrak
skredene->skreddene
skredenes->skreddenes
skredet->skreddet
skredets->skreddets
skudene->skuddene
skudenes->skuddenes
skudet->skuddet
skudets->skuddets
skuespilsforfatter->skuespilforfatter
snedækt->snedækket
snedækte->snedækkede
sovjettisk->sovjetisk
sportig->sporty
sportige->sporty
sportigt->sporty
spydene->spyddene
spydenes->spyddenes
spydet->spyddet
spydets->spyddets
spørsmål->spørgsmål
stadions->stadioner
statusen->statussen
statusens->statussens
statuser->statusser
statuserne->statusserne
statusernes->statussernes
statusers->statussers
sterefoni->stereofoni
Storbritanien->Storbritannien
strukket->strakt
strukturede->strukturerede
strøes->strøs
svingeninger->svingninger
syntax->syntaks
sysselssætte->sysselsætte
sæsonnen->sæsonen
teleskop->teleskop, kikkert
termometmager->termometermager
territotale->territoriale
thermisk->termisk
thermiske->termiske
tilbudene->tilbuddene
tilbudet->tilbuddet
tilflugssted->tilflugtssted
tillbragte->tilbragte
tourmalin->turmalin
tredie->tredje
triologi->trilogi
tyggummi->tyggegummi
typper->typer
udemærket->udmærket
udfra->ud fra
ulinieret->ulinjeret
ummiddelbart->umiddelbart
vanille->vanilje
vejne->vegne
verdenen->verden
vermut->vermouth
vigtigeste->vigtigste
ærende->ærinde
æstimat->estimat
æstime->estime
æstimere->estimere
æstimering->estimering
øjehøjde->øjenhøjde
øjjet->øjet